row ID,row m/z,row retention time,row ion mobility,row ion mobility unit,row CCS,correlation group ID,annotation network number,best ion,auto MS2 verify,identified by n=,partners,neutral M mass,Blank_MidRun08_1_1_4227.mzML Peak area,Blank_MidRun04_1_1_4187.mzML Peak area,Blank_PreRun06_1_1_4147.mzML Peak area,LSTHA00047_P2-E3_1_4250.mzML Peak area,LSTHA00048_P2-E4_1_4251.mzML Peak area,Blank_MidRun12_1_1_4267.mzML Peak area,LSTHA00049_P2-E5_1_4252.mzML Peak area,LSTHA00054_P2-F1_1_4258.mzML Peak area,LSTHA00053_P2-E9_1_4256.mzML Peak area,LSTHA00052_P2-E8_1_4255.mzML Peak area,LSTHA00050_P2-E6_1_4253.mzML Peak area,LSTHA00051_P2-E7_1_4254.mzML Peak area,LSTHA00055_P2-F2_1_4259.mzML Peak area,LSTHA00057_P2-F4_1_4261.mzML Peak area,LSTHA00058_P2-F5_1_4262.mzML Peak area,LSTHA00056_P2-F3_1_4260.mzML Peak area,LSTHA00061_P2-F8_1_4265.mzML Peak area,LSTHA00060_P2-F7_1_4264.mzML Peak area,LSTHA00059_P2-F6_1_4263.mzML Peak area,LSTHA00064_P1-A2_1_4269.mzML Peak area,LSTHA00063_P1-A1_1_4268.mzML Peak area,LSTHA00066_P1-A4_1_4271.mzML Peak area,LSTHA00065_P1-A3_1_4270.mzML Peak area,LSTHA00062_P2-F9_1_4266.mzML Peak area,LSTHA00068_P1-A6_1_4273.mzML Peak area,LSTHA00067_P1-A5_1_4272.mzML Peak area,
12,105.03357447834564,2.633131,,,,6,,,,,,,0,0,0,0,0,0,276.78308,375.8106,437.70755,362.90057,386.15744,401.82446,317.16226,379.71945,423.8726,400.80228,411.19025,418.1998,438.1595,295.03726,285.9985,474.13385,371.75436,383.60223,380.44177,366.0985,
2,118.08633635536906,1.0389403,,,,,,,,,,,20.717915,16.454088,21.863274,23.731241,161.31534,24.085608,162.16231,110.91129,159.81999,156.92506,153.49268,130.26808,115.2221,152.62819,100.92965,100.21144,176.60916,83.29302,89.69335,722.9442,85.29649,107.50188,97.63101,92.634865,71.88729,133.17027,
4,132.101943989341,1.0739453,,,,,,,,,,,0,0,0,0,164.1399,0,311.71585,213.04501,189.5744,255.18456,229.48451,167.19867,136.88693,216.79225,156.005,94.79062,125.14839,210.61038,146.75258,356.919,101.19392,151.17249,142.19945,148.7028,83.571915,109.00264,
25,158.15400961125104,5.505846,,,,,,,,,,,212.21881,459.30942,221.8274,467.88254,238.20064,127.495575,456.5344,463.22107,485.26904,487.05905,435.57867,470.55396,500.3812,473.9776,482.43585,476.96878,451.86484,223.69113,480.68915,468.8043,409.33417,452.75162,452.41437,453.93616,222.24788,493.58676,
7,166.086324519138,1.4054333,,,,,,,,,,,0,0,0,0,99.85109,0,539.47406,301.03128,406.72958,404.86212,382.12997,182.94835,225.07158,366.26483,265.5096,162.81343,90.645966,317.84445,213.10876,321.46262,129.15782,203.8025,278.38913,213.28127,130.01218,142.07135,
5,172.9769431220712,1.2111351,,,,,,,,,,,1605.5448,1584.6567,2027.6304,1660.1104,1595.9182,1116.2693,1473.5835,1548.8036,1611.3357,1473.0574,1472.7733,1477.8223,1530.8589,1514.638,1571.7787,1440.7112,1501.6643,139.55139,746.80426,770.25653,1524.6302,1552.4143,1463.0919,1430.109,1561.2302,1591.1907,
3,172.9769679734706,1.1056333,,,,,,,,,,,622.4742,603.9989,937.02484,702.0443,542.2314,1656.3606,532.3247,89.75575,342.44592,89.940346,362.98492,430.36783,347.66412,404.94293,617.0117,85.286835,89.50107,1368.3275,1389.3804,410.47784,589.5416,416.67004,88.80817,155.09155,557.1336,135.33804,
11,180.06555333900604,2.6311176,,,,6,,,,,,,0,0,0,0,0,0,203.45798,304.28485,367.0913,321.7448,340.82684,341.5459,119.410675,312.36612,326.52554,324.44897,326.23993,371.50723,374.70172,240.02087,35.89586,443.25565,313.91968,341.57587,315.11133,335.10886,
8,188.0706440939044,1.7867883,,,,22,1,[M+H]+,,1,9,187.06339,0,0,0,0,0,0,755.3182,198.16122,407.22803,602.6824,634.7652,79.961395,346.17572,513.8785,379.74063,270.68414,43.391895,395.65332,171.27913,346.30554,128.63805,219.32397,414.8508,402.0645,124.76907,118.255264,
14,190.0862686300823,4.5768642,,,,,,,,,,,0,0,0,0,0,0,93.83969,0,9.071225,40.848083,234.80968,0,7.2131295,7.457315,21.710255,30.997849,0,55.13384,3.3123856,19.225048,0,38.54363,37.79212,192.80632,58.90085,0,
13,194.08121977198726,2.943819,,,,,,,,,,,0,0,0,0,0,0,152.45818,245.42964,319.954,331.8093,275.8695,371.48944,239.35039,96.12769,156.30867,314.96655,240.27168,511.86227,499.09836,281.7994,265.3562,443.9971,270.08557,148.34036,363.33566,273.38083,
10,195.0875409019675,2.566778,,,,,,,,,,,0,2.4154139,4616.521,0,0,3.051728,0,0,0,0,0,0,0,0,0,0,0,0,0,0,0,0,0,0,0,0,
139,197.11907843137897,8.425418,,,,,,,,,,,0,0,0,0,0,0,0,0,0,386.49918,0,217.85762,132.40103,243.81352,319.98978,178.376,193.7918,165.54428,74.72941,206.28693,166.82675,136.90526,359.7996,336.0806,101.146614,214.17886,
9,205.09723671954595,1.7869425,,,,22,1,[M+NH4]+,,2,8;9,187.06339,0,0,0,0,0,0,725.97235,200.67133,399.8375,557.1262,585.87244,107.74291,349.87476,489.94702,356.46548,271.01398,32.175514,360.42767,189.97295,325.60846,67.19629,204.48167,400.04468,379.27444,111.97477,115.37243,
6,215.0163000375209,1.3016757,,,,,,,,,,,0,0,0,0,0,0,0,0,0,8.378304,0,0,0,59.383114,41.778797,0,42.40348,571.77496,43.595505,3.3939276,33.913822,15.413923,0,181.30765,17.097439,0,
21,223.0636570457821,5.2885656,,,,,,,,,,,9.802439,15.101387,5.146987,164.86534,227.23233,15.788913,161.63861,56.449905,272.5855,71.21582,121.972946,97.0531,94.31334,107.06946,116.7561,113.13898,111.576126,81.711334,98.92403,48.587948,93.81993,109.68263,165.01717,101.52784,93.75218,95.722565,
143,256.26362979182835,8.460945,,,,,,,,,,,0,0,21.786121,164.73694,185.16762,0,335.53934,195.17476,153.54979,175.78957,202.16624,155.23471,129.15631,122.83177,213.10023,299.434,239.7295,176.8341,135.61273,185.398,270.86963,138.73744,157.79663,241.43143,133.25508,196.95984,
19,257.1718671521474,5.1701307,,,,,,,,,,,0,0,0,0,0,0,5.2248096,26.394203,24.644068,171.81093,8.706932,301.88843,352.77283,74.99873,116.04327,559.6966,472.54703,29.80665,65.589485,60.693287,5.0657644,21.808762,64.722115,260.74118,12.238575,26.6187,
71,267.6467693284984,7.062724,,,,11,,,,,,,0,0,0,0,0,0,1353.1523,1347.3984,1419.9213,1340.4219,1440.8531,1370.4305,985.62964,1136.4769,1321.6866,1182.2126,1281.6688,1010.1891,970.4811,1102.5741,1009.6432,1365.3372,1334.8314,1281.7278,1132.5182,1340.327,
29,269.1472818134066,5.8385286,,,,,,,,,,,0,0,0,0,0,0,0,2.563727,2.7110395,22.511084,0,35.37126,56.933777,28.72484,38.626713,254.21233,30.023777,58.028023,57.043964,24.323666,14.917409,25.166536,3.6734295,11.552906,4.046074,7.800773,
68,276.6520247918292,7.061844,,,,11,,,,,,,0,0,0,0,0,0,851.9186,1006.79016,1099.382,1021.0039,1003.38873,984.1479,782.1705,808.288,951.19446,848.264,873.9058,735.1268,737.2773,774.185,714.8233,979.67694,921.2674,900.3235,821.6784,903.4353,
58,279.64681334595423,6.9171553,,,,7,,,,,,,0,0,0,0,0,0,894.1048,1132.4473,1296.4219,1135.2467,1278.2333,1182.3708,877.9854,1168.4,1263.8027,1031.7437,933.6432,783.8317,698.53815,867.8824,809.412,919.7568,1396.729,1334.2188,801.07574,1343.0773,
84,280.65459180082195,7.284125,,,,4,,,,,,,0,0,0,0,0,0,831.1949,1009.36554,942.60864,819.262,1083.3418,901.53937,847.83484,821.24854,1018.3742,1045.2721,748.6513,736.24225,665.07367,968.4501,898.5555,891.8612,1033.679,865.9981,759.8399,951.5087,
97,281.66241237505017,7.576885,,,,21,,,,,,,0,0,0,0,0,0,257.4994,288.64017,338.10672,312.1865,323.2343,274.75848,195.51231,193.78392,236.77776,247.12242,167.20883,236.9992,183.39052,221.6964,213.55003,224.38564,268.53424,223.09433,201.2588,190.43694,
103,281.6624365419236,7.6980796,,,,9,,,,,,,0,0,0,0,0,0,1213.8066,1446.1443,1476.0836,1415.7306,1382.9708,1351.7994,1030.3103,1084.4298,1250.4541,1137.0454,1037.2812,1165.3627,1037.7513,1208.4042,1104.7191,1225.0385,1291.3806,1159.4722,972.2134,1158.0154,
158,282.27924861524434,8.706553,,,,,,,,,,,9.65522,36.280613,198.82964,613.24615,830.4949,0,1251.0681,907.27594,466.6275,512.0676,526.69775,602.47797,297.29874,289.4248,806.49207,1254.2257,817.86273,410.19687,338.60602,627.7004,1115.7542,262.97034,500.19354,670.87915,358.09143,703.9062,
185,284.2949120002465,9.320234,,,,,,,,,,,98.24045,86.47603,102.093506,108.79048,116.65541,60.745518,312.71408,244.7123,215.32051,278.91574,313.92355,297.2766,216.91449,210.37256,261.42105,283.4028,321.62314,336.52695,325.13556,302.02945,362.94543,296.9165,273.93814,318.05566,230.15938,265.17273,
41,288.2535297920926,6.445242,,,,,,,,,,,45.05255,40.816833,21.435047,34.10284,55.480274,50.245716,75.73263,56.918602,62.339905,117.2884,57.511982,130.31497,296.51117,82.13489,73.17053,331.53928,53.52009,83.19073,76.60498,61.58039,60.92819,60.549046,56.757244,61.65725,49.819878,49.35258,
83,289.6593498789862,7.284133,,,,4,,,,,,,0,0,0,0,0,0,425.8265,502.2958,497.44217,450.8611,559.7698,371.4132,384.16455,413.3392,428.76102,466.35342,342.49985,357.25906,339.23932,431.99136,414.96646,487.90417,519.8128,407.73172,411.02667,432.09506,
104,290.6676267820457,7.6980796,,,,9,,,,,,,0,0,0,0,0,0,916.83746,1087.2698,1098.3766,1070.4457,1094.1042,905.6482,811.14343,858.01886,871.8754,856.73676,713.9344,865.47906,769.8235,867.0032,725.6945,869.65283,922.1994,831.2823,732.7825,772.12756,
65,291.6468241714091,6.965144,,,,0,,,,,,,0,0,0,0,0,0,409.3573,511.59247,631.25745,709.882,543.47925,306.72305,608.37415,648.75073,703.1039,703.1428,230.8704,680.87616,459.49945,961.5128,560.84644,752.17084,698.4973,631.15985,623.5359,358.7859,
74,293.21099629695584,7.142857,,,,,,,,,,,0,0,0,0,0,0,0,25.987541,10.289885,29.664402,0,238.4869,0,0,11.264577,0,1273.3475,0,84.65314,22.53284,61.824837,21.610147,10.425138,53.72581,11.254978,762.9409,
101,295.22702085105885,7.646645,,,,,,,,,,,0,0,0,0,0,0,0,8.694038,0,15.030724,0,515.01184,0,0,7.6472397,0,1060.2601,0,96.30237,51.265648,111.24113,0,13.903761,96.361275,8.66172,610.3342,
20,301.19877929525813,5.280654,,,,,,,,,,,0,0,0,0,0,0,14.503247,32.084076,62.953285,34.614822,26.34258,51.796875,585.1021,222.90445,266.5032,769.02045,568.0733,157.2699,79.646355,20.609737,19.85586,75.78685,41.59671,588.78613,56.405834,28.412718,
183,310.3101480220299,9.286631,,,,,,,,,,,0,0,0,21.705338,24.578136,0,59.997795,26.874748,0,0,0,0,0,8.792826,10.147089,21.655111,0,383.73392,0,22.307453,29.691248,9.086668,20.801788,13.237284,11.298033,9.42655,
95,317.20863267423783,7.5775933,,,,,,,,,,,0,0,0,0,0,0,0,0,0,0,0,201.64713,0,0,0,0,705.61426,0,21.697927,8.305438,20.2915,0,0,28.766932,0,234.82104,
73,326.3782252333796,7.1149945,,,,,,,,,,,0,0,0,132.79088,142.13997,0,218.09854,113.20457,126.21986,136.34628,116.7493,112.94338,140.01817,296.83765,123.51183,111.405655,151.47543,155.87352,173.63321,189.07324,156.54434,152.1427,149.86707,133.81432,97.87433,163.59177,
124,330.6807955650528,8.156889,,,,2,,,,,,,0,0,0,0,0,0,74.12429,644.6738,505.78314,193.52083,8.571153,694.94635,88.558,47.32238,86.12282,76.67,725.2824,99.04558,416.8402,382.8364,607.5317,187.25172,60.7783,194.31392,267.80475,523.1934,
77,333.2035607536963,7.196461,,,,,,,,,,,0,0,0,0,0,0,0,0,0,0,0,249.45412,0,0,0,0,500.76755,0,24.421265,0,23.548225,0,0,10.648819,0,204.57164,
93,333.2046049777894,7.4967203,,,,,,,,,,,0,0,0,0,0,0,0,0,0,18.986214,0,148.82346,0,0,8.032616,0,355.32556,0,21.316727,4.0203323,19.422892,0,0,41.381973,0,212.74734,
198,338.34184126464055,9.807041,,,,,,,,,,,20.771204,43.017555,289.3319,972.8142,3292.4915,18.943375,1751.9226,1147.308,570.2543,830.984,867.1976,1021.99786,948.51624,2126.869,1673.1069,1228.3856,816.04816,6465.3228,542.16187,1151.5225,1862.7596,1150.3336,1110.0582,981.3951,1014.1559,839.2016,
115,338.6781416005405,7.8896437,,,,14,,,,,,,0,0,0,0,0,0,50.166176,215.4545,187.00392,52.780952,0,312.5564,21.505154,7.063329,7.339014,23.255898,319.58304,14.228086,181.2911,202.38203,268.73083,65.72121,12.750819,61.509457,99.972435,253.18636,
191,342.27764541450955,9.5285845,,,,24,,,,,,,0,0,0,0,0,0,701.78296,800.5259,564.4538,533.6192,676.75037,430.22687,479.34467,341.1962,510.43207,683.5573,474.64218,444.15594,286.3266,465.2332,483.34576,279.977,479.90314,489.57425,260.8989,342.80008,
201,343.2854877832219,9.886798,,,,3,,,,,,,0,0,0,0,0,231.4018,3457.9778,4249.2495,3965.1873,3933.832,4008.7056,3348.9229,3673.8,2971.933,4059.5913,4389.967,3343.8486,3657.3828,3075.5833,3977.833,4176.9043,2814.0872,4064.5898,3839.0688,2500.5857,3182.7854,
26,343.29566959986136,5.5091653,,,,,,,,,,,0,0,0,30.83445,298.3144,0,107.208786,22.30967,72.97159,40.083237,52.954674,82.419846,115.03264,43.380608,24.512928,40.191525,48.400352,103.768585,33.689438,28.02136,28.099451,142.58743,68.80115,86.25938,19.824257,71.70325,
22,345.2248253013211,5.3551393,,,,,,,,,,,0,0,0,0,0,0,0,22.822428,18.304054,69.95279,9.167219,50.336777,350.09332,69.66941,100.60881,402.20477,352.7435,67.70873,53.192535,9.535514,26.229618,16.220787,21.481031,372.8929,25.90112,8.545795,
33,352.04197099484526,6.0120296,,,,,,,,,,,0,0,0,0,0,0,2822.015,0,0,0,4763.9873,0,0,0,0,2.476719,0,0,0,0,0,0,0,10.391331,0,0,
30,357.27891518000035,5.8658223,,,,,,,,,,,0,0,0,0,0,0,1068.2039,202.53473,255.19313,651.2017,1320.8202,687.0641,246.93498,271.91602,277.37653,272.90564,401.03204,1740.5298,1654.5707,2900.3416,2609.5994,3148.7078,436.78674,409.51126,2561.6418,436.20258,
43,357.2789659723956,6.5218596,,,,17,,,,,,,0,0,0,0,0,0,635.39233,16.189953,29.42202,288.08194,802.69586,298.00708,4.398118,134.45422,151.5361,6.888043,194.11972,1947.8646,1893.5419,2124.7542,1920.2983,2558.3247,278.94513,207.79166,1998.968,261.44238,
184,367.335940844035,9.321976,,,,,,,,,,,0,0,0,0,0,0,98.04921,617.3278,157.4128,20.35645,22.899406,684.5243,14.517813,19.767376,22.98018,43.767483,1015.2091,28.59908,299.4371,453.80338,1045.0348,155.28377,37.682182,85.52154,145.15024,593.7711,
24,373.27380190603014,5.47491,,,,18,,,,,,,0,0,0,0,0,0,345.53152,28.891123,18.274363,259.5517,432.53418,280.53314,19.355587,100.77789,107.34485,26.640291,350.49036,657.89716,635.86957,721.22925,650.0392,1090.5842,112.74464,368.52145,899.2716,32.37034,
42,375.28953517209385,6.524102,,,,17,,,,,,,0,0,0,0,0,0,77.45766,0,0,28.324186,95.33228,26.64206,0,3.7718143,8.63307,0,8.1187105,244.37523,229.35356,246.16612,225.73924,324.0992,20.961197,8.584982,257.8858,26.189007,
34,376.25946988622655,6.3390965,,,,16,2,[M+H]+,,4,38;36;34;35,375.2523,0,0,0,2347.795,2452.6401,0,1981.5712,2233.1768,2476.6353,2391.5815,2470.837,2352.6858,2017.9396,2319.7566,2306.163,2228.8882,2408.5806,2264.7786,2196.388,2213.25,2089.0347,2342.0466,2283.1096,2357.0933,2171.013,2119.8474,
203,385.3465341621377,9.926477,,,,,,,,,,,0,0,0,0,0,0,36.557972,251.55814,119.80456,12.290845,0,413.71423,0,0,0,0,407.15494,0,182.83301,184.77773,287.54236,72.22334,8.964355,45.26232,83.2594,293.7583,
40,387.1931987947876,6.420419,,,,19,3,[M+H]+,,2,39;40,386.18591,0,0,0,30.541306,31.749334,0,26.071814,533.87494,657.72003,622.3479,30.35574,746.5104,205.9966,290.4968,206.87135,374.1893,859.6788,305.43802,203.42548,414.42593,498.4664,282.49277,423.11517,664.7891,203.2782,224.5897,
35,393.28617421694713,6.3390965,,,,16,2,[M+NH4]+,,4,38;36;34;35,375.2523,0,0,0,313.08966,341.1222,0,295.5778,300.6007,369.17377,333.29944,357.57516,378.56088,293.3331,335.82147,317.96332,305.06766,366.47913,308.4941,317.05292,327.1166,253.6059,325.1234,321.52774,320.90024,298.00842,309.6932,
88,398.22654438876697,7.352234,,,,,,,,,,,0,0,0,0,0,0,0,0,0,0,0,11.558876,231.90976,48.298584,51.53824,268.2938,30.931055,63.565742,71.19724,20.842478,22.524235,27.333103,0,16.371132,6.5524697,0,
36,398.2413985365058,6.3390965,,,,16,2,[M+Na]+,,3,36;34;35,375.2523,0,0,0,2629.753,2668.1245,0,2387.6667,2727.7158,3112.57,3009.613,3092.378,3308.6655,2548.6677,2921.1677,2941.2192,2822.2183,3361.1838,2818.374,2884.6372,2699.6824,2672.4487,2870.7036,2706.2324,2915.7314,2772.3406,2854.2588,
134,399.30812059350797,8.339855,,,,,,,,,,,375.9864,370.03012,591.76105,558.99493,515.4752,433.01752,535.59143,498.1596,352.8879,489.6211,493.15466,454.95135,502.43668,444.05353,493.36182,482.8013,480.3152,505.98096,435.30298,520.7394,416.48074,509.84943,500.2825,394.23367,366.79507,454.25836,
161,399.76939079081984,8.656974,,,,,,,,,,,0,0,0,0,0,2069.3672,0,0,749.9021,1749.9695,1858.1945,1921.0464,1545.4562,1756.337,1525.97,1328.7838,706.93176,1379.1962,1746.5222,1159.3428,0,1942.254,1227.8135,1911.3173,2317.0818,1800.792,
193,401.34158212772286,9.609636,,,,,,,,,,,0,0,0,0,0,0,478.23636,2591.9617,1202.3535,272.24722,171.69833,2587.9114,151.16046,156.52863,213.76187,223.41864,3691.9185,258.46313,1508.3142,1274.629,2911.0374,746.0003,218.20949,482.28226,884.747,2626.5977,
39,409.17511245959673,6.420521,,,,19,3,[M+Na]+,,2,39;40,386.18591,0,0,0,0,0,0,0,184.18335,215.62245,227.4141,0,283.99393,75.42712,102.36568,80.90537,141.12747,303.21484,100.728615,60.129856,137.10005,174.66058,104.8551,141.87877,221.40323,64.05211,76.101654,
23,409.2951149024442,5.47115,,,,18,,,,,,,0,0,0,0,0,0,75.65683,0,0,50.232704,104.23884,39.95002,0,27.452,24.382381,0,59.95823,142.19942,126.20404,179.07393,144.88219,240.64882,27.505365,84.12258,200.84045,7.919962,
179,412.7771736435825,9.21112,,,,15,,,,,,,0,0,0,0,0,4586.362,0,0,3131.0056,1172.9769,2763.4395,1371.905,3206.0237,3379.688,1018.6693,784.70544,484.49738,339.12802,3365.7188,0,0,3082.8447,306.40692,2722.6074,3079.8105,410.3275,
188,412.7772269111889,9.356139,,,,15,,,,,,,0,0,0,0,0,1454.5907,0,0,934.55817,1287.1418,1167.0864,972.91705,1195.7446,1198.3641,975.7262,1103.5996,634.17535,1851.2882,1237.6333,1497.434,0,1089.2435,1651.5309,1207.0393,1188.6927,713.7045,
157,413.323851375608,8.694719,,,,,,,,,,,286.4175,276.39624,342.031,490.21097,487.24792,261.16122,447.34668,432.01425,298.45135,430.48615,314.7495,276.51126,299.6689,297.30774,289.0977,308.7594,298.16336,327.90952,269.15594,425.67773,454.52893,304.7536,416.71167,410.8908,320.5917,309.66693,
18,414.30029118430303,5.14918,,,,12,,,,,,,0,0,0,0,0,0,221.974,290.62766,347.9185,70.83006,285.40976,94.343185,60.230293,128.96603,163.63982,91.20065,375.8383,64.26461,51.47435,344.01053,298.65652,310.10013,148.1871,401.93246,211.88425,129.27501,
50,415.2115692804015,6.7996416,,,,13,4,[M+H]+,,3,51;50;49,414.20436,0,0,0,1352.1123,2288.481,0,679.3262,1189.7365,1288.0945,971.35004,1331.2307,2058.054,594.135,1264.4194,963.8278,1162.6062,1183.2876,1547.9609,1566.9122,995.35187,1938.5214,1373.5734,1063.5454,1602.0543,2088.144,1209.9573,
61,415.2118436786366,6.94005,,,,,,,,,,,0,0,0,146.9781,723.87476,0,58.040306,162.18341,76.32492,34.981644,66.701164,140.40894,52.9937,79.96838,61.72605,59.01538,69.30412,139.35196,208.69537,69.388855,187.35513,112.264404,64.50594,141.05547,143.40012,99.07225,
171,424.7771291181292,8.96578,,,,,,,,,,,0,0,0,0,0,2172.2864,0,0,2188.2498,1593.9364,1900.7826,1572.3843,2003.6522,2856.804,1777.7168,1821.2664,1106.1897,5269.9067,1806.5867,4306.176,0,1916.6664,3320.7183,3206.3032,4244.1025,1581.4774,
166,424.77715631824327,8.79183,,,,,,,,,,,0,0,0,0,0,8634.276,0,0,8743.191,2110.886,6509.648,6787.73,6157.316,2270.3335,3158.6492,6149.6567,2753.444,1381.9116,6660.09,864.7754,0,6393.1074,2215.4714,699.9089,1217.7938,5312.58,
155,424.77716176531777,8.696339,,,,,,,,,,,0,0,0,0,0,2295.7441,0,0,2381.677,0,1413.2078,1876.0299,1708.7712,4982.8145,1433.6935,1649.4781,1470.2482,219.57811,1970.8322,151.45847,0,1544.1139,47.82287,97.7168,151.66858,849.5917,
17,432.31101066546137,5.150189,,,,12,,,,,,,0,0,0,0,0,0,415.96494,530.1128,670.88,162.9599,565.41425,174.0825,128.14015,284.30402,304.40955,164.54703,772.78827,109.86801,102.82313,651.0207,558.80475,565.24615,269.82007,824.38763,386.16516,226.54897,
145,436.77722285116886,8.523937,,,,23,,,,,,,0,0,0,0,0,1137.4427,0,0,1212.9406,66.96231,552.4538,427.97766,560.3943,1258.9397,229.1307,696.847,80.222725,103.5331,407.21716,176.08902,0,293.6382,381.65265,104.988754,89.62729,60.485176,
49,437.1935256177823,6.798054,,,,13,4,[M+Na]+,,2,50;49,414.20436,0,0,0,862.37933,1235.7322,0,538.0395,707.0562,788.3796,617.0848,845.6741,1106.7898,435.5042,751.98315,645.3646,744.06665,801.69806,960.04584,895.9476,637.87317,1099.4072,781.73157,686.0285,936.5838,1114.2701,741.1312,
132,443.3343702217539,8.317076,,,,,,,,,,,531.687,668.5388,668.3105,658.9513,712.4202,573.33527,635.4915,600.5662,639.31104,698.4535,628.8352,603.70825,672.69574,629.811,588.3395,714.0929,629.3229,632.378,670.9367,591.9582,580.96423,612.64655,778.0435,598.25775,731.3015,665.3568,
16,450.32150153702406,5.149575,,,,12,,,,,,,0,0,0,0,0,0,682.2493,930.4813,1098.5498,313.49942,893.62805,303.7523,200.57886,449.96103,503.45737,260.22675,1275.7552,248.1069,223.1432,1028.2002,937.67096,915.1674,451.14722,1349.8315,711.4183,444.2739,
28,450.3217893393724,5.783953,,,,,,,,,,,0,0,0,0,0,0,84.04172,16.702915,36.721855,29.891607,55.36499,30.55947,0,59.447296,69.584045,4.7399554,312.88998,96.229996,73.128395,270.05392,233.17285,325.6194,60.99092,318.73996,271.63162,65.09781,
99,455.3345304935618,7.617778,,,,8,,,,,,,0,0,0,0,0,0,115.484184,32.058624,31.437117,77.549286,119.25203,58.7448,263.15424,57.92016,64.91602,313.8969,56.988205,74.935036,53.658092,35.16094,27.85604,82.25634,77.99505,60.682514,55.578117,57.34165,
154,457.3500071350592,8.66958,,,,,,,,,,,343.97226,433.75974,446.89383,497.17172,518.979,314.93353,482.8824,459.55453,344.6337,409.78625,312.32404,312.0323,300.09247,443.7688,347.39694,358.99106,364.3892,448.79468,292.95462,438.92798,471.45593,379.69342,439.19125,440.9637,363.98178,456.23358,
15,466.3165563632795,4.839374,,,,,,,,,,,0,0,0,0,0,0,305.65015,386.72437,514.51984,69.082596,413.9741,80.930214,47.646015,261.6236,307.92972,34.016155,1252.3734,190.86412,192.90463,776.5502,683.73193,919.2795,290.12503,1272.4238,608.21686,303.2895,
55,478.29296874597884,6.8569536,,,,,,,,,,,0,0,0,0,0,0,246.41154,238.29504,321.3684,404.0337,361.49817,280.13705,295.59723,618.30743,657.0988,374.35785,390.04706,206.06479,168.99007,177.18611,152.84517,297.53845,947.60614,696.30743,220.79633,603.80597,
80,480.3085621005366,7.211749,,,,25,,,,,,,0,0,0,0,0,0,142.9988,112.91068,142.44531,139.75584,200.68002,146.86812,132.49313,199.85994,262.914,163.48808,206.9445,121.91522,102.06895,111.88637,128.70613,214.70715,295.74628,253.12439,145.99854,256.312,
47,482.324196232138,6.738986,,,,,,,,,,,0,0,0,0,0,0,124.44532,178.60907,216.66322,157.78891,162.5245,199.94348,125.468376,166.62462,193.96512,169.15263,182.46346,137.49641,157.35529,138.99963,119.06619,277.62497,197.10112,161.50642,222.21913,176.27419,
100,482.32422201094494,7.616027,,,,8,,,,,,,0,0,0,0,0,0,263.82724,262.9687,312.71564,381.16605,373.56778,312.1172,189.27617,321.42972,327.90863,242.47162,276.35385,299.3418,257.4423,246.23843,260.5587,318.36108,367.96066,345.94708,265.9765,279.1832,
78,482.36062552045934,7.202872,,,,,,,,,,,0,0,0,0,0,0,186.28986,234.76048,286.57858,255.78198,283.21143,294.72018,216.50018,212.31319,256.2409,275.30725,275.01022,242.65523,269.0548,266.5899,255.29646,206.61775,213.59714,254.67699,176.24142,234.28987,
130,487.36052413384044,8.299306,,,,,,,,,,,434.03583,453.8725,542.54846,461.30515,484.82385,419.774,488.06613,471.00522,482.91687,484.47803,489.50406,348.32666,351.3764,424.61966,437.38577,446.49374,471.5764,467.58136,447.49197,466.4004,436.73407,342.09042,488.09314,425.48306,450.5408,421.769,
45,494.3242326773949,6.6724253,,,,,,,,,,,0,0,0,0,0,0,352.0592,348.0402,488.1804,322.66098,563.5753,383.13016,356.82224,382.41425,433.5478,417.79596,359.00473,464.6324,457.46466,446.6428,390.602,797.9599,496.6251,368.5789,620.91235,474.9262,
69,496.33977737470826,7.061888,,,,11,7,[M+H]+,,2,69;70,495.3325,0,0,0,0,0,61.860016,18260.244,24280.936,28578.152,24518.855,27793.592,27079.332,16422.615,19473.84,22820.21,20372.426,23154.83,15494.538,16127.2295,17250.154,15360.56,23792.172,23220.709,22271.48,17756.1,23012.09,
62,496.3398202054551,6.9433374,,,,,,,,,,,0,0,0,0,0,0,1687.7295,2170.025,2807.4634,1887.4077,2244.409,2499.2505,1290.1338,1551.4781,1809.7365,1830.2772,2252.1033,1314.6558,1514.4595,1414.2899,1395.2572,1885.2542,1791.0475,1720.4114,1702.0122,2198.9846,
56,502.2929875300032,6.9022956,,,,,,,,,,,0,0,0,0,0,0,250.71423,160.31883,225.99916,390.17944,337.93497,139.25676,438.5107,620.2509,710.8528,578.6436,177.8538,509.87222,291.35834,319.9883,213.50693,660.03156,919.1847,580.4565,411.959,435.26154,
90,510.3555090587003,7.378989,,,,,,,,,,,0,0,0,0,0,0,720.8073,1375.0098,1511.1282,1042.797,1064.7737,1279.1176,704.2414,852.76184,953.65424,958.40704,951.56793,706.7657,700.6162,631.59827,538.3712,1137.2887,931.2871,880.7445,817.33514,938.1829,
72,515.3130169845406,7.062724,,,,11,,,,,,,0,0,0,0,0,0,768.69714,961.148,1146.0446,918.49664,1048.669,936.73785,690.5795,731.11694,863.595,863.4263,888.51843,693.3056,565.71326,675.1161,628.83716,831.94763,863.55975,831.8672,665.8307,838.2265,
70,518.3217131607439,7.061844,,,,11,7,[M+Na]+,,2,69;70,495.3325,0,0,0,0,0,0,1175.476,1550.6448,1921.3987,1440.7843,1756.4744,1856.1204,1020.61285,1133.6744,1354.5598,1339.1256,1548.1077,959.2686,1022.02454,1091.0387,933.29974,1407.8351,1503.3364,1335.907,1108.5565,1570.4082,
59,520.3397134397935,6.9171553,,,,7,5,[M+H]+,,2,59;60,519.33249,0,0,0,0,0,0,7411.6113,8392.411,11296.714,9378.052,9446.766,9217.887,6876.6387,8884.703,10553.659,8491.773,7407.319,5682.3506,4927.667,6170.517,5075.6562,6641.473,11166.391,9822.155,5237.784,9332.136,
53,520.3398462630097,6.8109603,,,,,,,,,,,0,0,0,0,0,0,651.65326,898.7252,1013.3657,899.89453,727.22766,1043.5293,628.6094,852.4302,999.6666,748.4564,892.387,478.7495,495.22192,618.8369,482.83508,686.18134,1052.2328,904.7765,400.80524,851.3948,
85,522.3552796452466,7.284187,,,,4,8,[M+H]+,,2,85;86,521.3481,0,0,0,0,0,7.450099,8213.226,9666.565,11603.544,9114.471,11814.765,9906.767,7785.101,8667.292,9988.593,9865.189,8883.837,7447.4233,7444.257,9196.554,8005.497,10129.85,10218.614,9021.513,7663.9126,10122.359,
76,522.3554430507221,7.1803293,,,,,,,,,,,0,0,0,0,0,5.64417,709.61646,816.3362,1063.257,771.62885,990.10785,983.14355,616.672,737.07446,825.8257,812.65466,916.7691,628.1644,741.1426,861.86816,774.92773,847.2077,900.9843,786.5051,661.0087,925.9621,
105,524.371069779021,7.6977925,,,,9,9,[M+H]+,,2,105;106,523.36381,0,0,0,0,0,107.543686,19983.68,30095.41,35450.316,28909.564,27636.223,33287.496,18231.635,19672.293,23763.633,21823.453,21721.637,20330.48,20322.217,20843.303,18427.623,21902.822,21825.385,21055.465,17377.219,22286.744,
96,524.3711383896106,7.579898,,,,21,,,,,,,0,0,0,0,0,0,2081.76,3105.5618,3808.3635,2895.7415,2987.1262,3300.6162,1757.7572,1822.6162,2141.624,2195.418,1908.5237,1987.1106,1772.0618,1968.6696,1767.4165,2108.6248,2098.2615,2080.6287,1838.6342,2150.8691,
87,541.3287150509752,7.284133,,,,4,,,,,,,0,0,0,0,0,0,229.36014,232.09972,315.84006,239.00008,315.37875,219.52399,192.38416,233.36414,254.25223,251.9594,188.69885,186.55704,148.73473,232.30548,217.64671,245.91766,280.65674,241.03609,200.87401,253.01672,
60,542.3217564634394,6.9188895,,,,7,5,[M+Na]+,,2,59;60,519.33249,0,0,0,0,0,0,396.09842,531.06274,712.9924,568.57965,508.67697,489.75085,401.4492,484.64716,672.03,522.7996,449.3422,316.13446,248.42528,359.05496,268.29504,386.6167,719.78424,564.03253,273.0211,587.7677,
107,543.3443501234235,7.6980796,,,,9,,,,,,,0,0,0,0,0,0,750.8224,1005.04535,1056.3019,881.5974,932.77954,888.9459,625.3599,610.6023,749.8848,714.81836,554.3375,714.0084,592.36707,677.7516,631.9068,765.3888,820.54047,715.81586,528.7976,624.25946,
86,544.3374072122149,7.2849975,,,,4,8,[M+Na]+,,2,85;86,521.3481,0,0,0,0,0,0,426.2999,517.0609,686.7311,566.3571,672.4262,622.8287,486.77908,506.33185,558.39734,624.6451,555.8907,384.93967,436.69534,521.5474,506.9533,601.5445,576.6671,546.6978,434.62665,656.54816,
64,544.339731401792,6.964267,,,,0,6,[M+H]+,,2,64;63,543.33256,0,0,0,0,0,0,2771.0344,3760.1204,5801.3423,5881.739,3908.3071,2476.9978,4525.8276,4953.401,6039.139,6134.6284,1790.6149,5002.526,3509.9412,5947.7466,3853.092,4852.2944,5224.2905,5227.474,3543.262,2603.665,
106,546.3530430204743,7.6980796,,,,9,9,[M+Na]+,,2,105;106,523.36381,0,0,0,0,0,0,1257.0775,2007.608,2451.532,1900.7372,1807.673,2410.1401,1155.8746,1180.5231,1441.6002,1369.9249,1458.1188,1295.1034,1332.9382,1394.8313,1238.4645,1496.0961,1441.4254,1369.236,1150.4731,1543.8192,
79,546.3552616272551,7.220603,,,,25,,,,,,,0,0,0,0,0,0,316.9505,697.491,989.2843,684.6547,540.69006,529.6775,811.81006,913.0202,1099.7548,1023.6548,363.96548,901.2779,765.5538,721.9468,555.89386,1093.9446,1262.2578,723.8712,790.85754,869.42285,
27,550.314208929275,5.545834,,,,,,,,,,,0,0,0,0,0,0,0,68.07744,23.573818,5.885195,0,99.14961,0,0,0,0,461.60922,0,32.814445,27.450172,34.6211,10.820917,0,1.4161041,16.515663,135.80246,
196,553.2562706833586,9.648584,,,,5,,,,,,,0,0,0,470.5688,1045.5442,0,341.5711,457.15494,63.538788,73.076355,110.08577,96.34161,79.46748,89.11402,74.777985,112.25079,69.32662,140.58391,139.38118,192.44153,424.63373,140.6218,196.49754,236.67847,115.60919,102.00477,
63,566.3218796508968,6.9616747,,,,0,6,[M+Na]+,,2,64;63,543.33256,0,0,0,0,0,0,147.9032,180.73737,273.25812,292.36093,222.04584,119.462296,210.12485,242.67978,291.87332,299.70935,73.294106,241.54692,161.15306,304.00986,173.68327,250.55814,247.94211,255.88898,148.83514,137.7609,
66,568.3395461103066,6.9878716,,,,,,,,,,,0,0,0,0,0,0,130.89577,194.21875,333.436,442.0269,214.2751,75.8549,333.04575,195.62973,244.65031,470.91608,40.808132,194.84328,113.57378,339.87405,180.49985,165.31424,201.85745,282.94287,107.73143,64.70703,
75,570.355527419473,7.1502404,,,,,,,,,,,0,0,0,0,0,0,158.10858,198.48328,306.35428,395.68942,273.20682,114.73378,322.11832,505.4438,575.8104,429.43237,73.83248,579.981,324.7565,542.9222,277.11438,695.48083,551.7047,316.7652,471.1733,254.85904,
91,572.3710796949924,7.4501023,,,,,,,,,,,0,0,0,0,0,0,85.970604,101.86925,160.91002,186.41377,148.9527,71.78381,131.88278,163.91962,197.24593,175.09485,45.350296,230.06783,147.22255,188.71086,116.61629,279.42615,214.59563,155.02371,197.55531,104.48132,
195,576.332290775128,9.64858,,,,5,,,,,,,0,0,0,250.92076,450.6433,0,137.66962,176.48915,15.352072,39.127834,38.564026,25.576155,36.265564,42.98414,27.856285,39.19458,13.175887,72.09391,54.0135,74.83175,151.46341,59.67993,77.01086,104.60316,54.20976,25.93821,
94,594.3765863140458,7.529026,,,,,,,,,,,0,0,0,0,0,0,114.984055,907.6718,808.6952,219.01941,7.7139807,1678.2994,99.920784,96.736404,131.49748,87.90808,2134.4392,58.39862,714.69946,413.7491,710.79156,382.53204,73.4126,317.3264,478.81656,1445.3165,
123,608.3923593593677,8.068204,,,,,,,,,,,0,0,0,0,0,0,55.332344,1025.63,953.7659,192.36324,0,1941.2637,63.39025,15.461841,38.728622,76.894844,1678.5508,37.685978,720.8974,557.3574,986.15875,226.76393,21.811167,86.944725,174.41644,1006.00116,
82,610.3716344771809,7.2819805,,,,,,,,,,,0,0,0,0,0,0,26.511322,183.93187,160.33293,40.662277,0,375.17645,0,17.635319,8.891535,26.034595,595.8364,10.093803,164.578,150.06697,217.73871,104.876564,19.441025,64.02962,117.38437,404.79602,
113,610.407834856799,7.833101,,,,,,,,,,,0,0,0,0,0,0,0,106.83216,76.0598,0,0,331.9759,0,0,0,3.731574,303.63312,0,125.25719,134.66608,171.60597,41.556095,0,29.699492,33.237213,188.4139,
44,616.1765408793361,6.6327834,,,,,,,,,,,0,0,0,0,0,0,0,0,0,0,14125.245,0,4554.0293,0,0,22008.582,0,0,0,0,0,0,0,0,0,0,
46,616.1766777226595,6.741855,,,,,,,,,,,0,0,0,0,0,0,1641.0751,0,0,79.54551,6943.21,0,14750.718,0,5198.061,8998.047,0,0,15.353939,0,0,434.47522,70.081604,5380.9004,11.156487,0,
54,616.1768080444049,6.863813,,,,,,,,,,,0,0,0,0,0,0,4667.376,0,28.039543,896.58636,0,0,4478.3926,2468.239,2879.563,0,0,4386.3843,362.8489,446.11032,0,2140.581,2824.234,2931.2202,320.28888,0,
67,616.1768202131218,6.95805,,,,,,,,,,,0,0,0,0,0,0,1740.9518,0,146.44391,2836.0562,2187.5046,0,2347.645,1100.7395,1579.8605,2812.1045,0,1728.579,632.9726,676.7436,60.291286,1029.738,1212.2617,1511.2056,658.3754,0,
110,620.3922832773867,7.7381334,,,,,,,,,,,0,0,0,0,0,0,0,282.40314,224.2811,32.45216,0,345.40125,0,0,20.179081,0,755.6707,0,238.14041,187.29892,215.06651,103.25671,0,75.8832,134.32422,485.96875,
112,622.4079348702276,7.817252,,,,,,,,,,,0,0,0,0,0,0,0,249.04945,243.20352,129.25688,0,475.82623,10.602387,0,41.158073,0,562.1289,46.425262,353.8868,190.59708,287.8056,210.23926,23.347466,121.83695,312.96698,558.7709,
125,622.4081688085871,8.161106,,,,2,10,[M+H]+,,2,125;126,621.40093,0,0,0,0,0,0,436.58096,4475.33,3739.6367,1129.4926,150.80933,7418.212,415.43433,301.6853,439.9871,404.30008,6751.907,505.9478,3281.4883,2499.8896,4273.7236,1306.6517,377.28482,1103.2773,1606.7596,4919.8325,
189,637.3056824680015,9.457732,,,,1,11,[M+H]+,,2,190;189,636.2985,0,0,0,827.4483,1060.8245,0,1109.6404,1000.45734,1145.8606,997.81714,843.29974,1284.6215,564.20593,894.07495,1152.4368,902.7104,1169.666,830.8574,1092.3052,1041.1544,1462.0028,814.7306,892.1908,1281.4072,599.7276,689.6072,
114,638.4029903719895,7.8913436,,,,14,,,,,,,0,0,0,0,0,0,136.86972,1022.52814,910.10657,250.40324,37.555325,2361.6377,104.33692,79.843925,86.234505,127.65116,2332.669,96.08258,866.2045,841.8896,1281.305,305.5522,100.01608,254.61392,359.90125,1568.3824,
126,644.3901866657216,8.160232,,,,2,10,[M+Na]+,,2,125;126,621.40093,0,0,0,0,0,0,0,292.21643,250.8373,49.13339,0,555.1503,0,0,0,0,510.0624,0,227.81052,145.7142,284.86926,70.12034,0,51.06039,86.56013,345.97055,
138,648.4239583212958,8.407841,,,,,,,,,,,0,0,0,0,0,0,70.9999,621.8384,613.8375,77.33739,9.295815,1517.5082,46.080853,117.30255,18.975555,129.09029,1168.523,31.46135,482.20383,449.5939,711.1193,227.01404,57.735188,151.43445,248.50038,762.4001,
109,650.403318919316,7.7417917,,,,,,,,,,,0,0,0,0,0,0,0,248.4903,204.70981,46.89322,0,468.61685,0,0,19.280113,0,448.9214,10.671331,176.31816,75.64401,210.40767,46.371666,0,33.309155,71.44296,247.83199,
89,650.4040557954694,7.3724933,,,,,,,,,,,0,0,0,0,0,0,0,244.93698,194.9731,0,0,719.6608,0,0,0,0,695.8681,0,165.60335,83.91136,210.7874,72.04061,0,23.673742,92.36343,344.33987,
140,650.4389944850602,8.43428,,,,,,,,,,,0,0,0,0,0,0,55.362087,651.9375,599.9332,192.98781,30.418621,1534.7463,63.825348,99.37234,99.671524,64.42712,978.3191,140.33273,875.8783,441.9643,744.68854,375.28653,87.391335,177.6168,540.63367,1089.2832,
128,650.4393848445268,8.190698,,,,,,,,,,,0,0,0,0,0,0,304.5391,950.20245,855.651,199.72716,77.16745,2463.5083,187.90005,165.5215,92.0795,307.31857,2834.1133,96.90853,895.46063,846.31665,1090.4733,551.7839,201.92242,594.1857,613.10333,2305.557,
190,659.2878082119807,9.456939,,,,1,11,[M+Na]+,,2,190;189,636.2985,0,0,0,168.272,217.2934,0,219.80847,261.57455,310.01123,259.7879,232.47464,306.7985,174.33397,277.40277,313.84866,260.4527,296.4934,243.49426,295.81516,325.29675,337.19135,232.07956,274.9772,349.4609,186.52414,199.91708,
142,664.4195674955653,8.455636,,,,,,,,,,,0,0,0,0,0,0,61.239727,819.71326,755.21045,440.423,17.253284,1626.2245,87.9492,21.148874,157.15791,54.69552,1410.0491,114.70042,597.302,598.77765,725.2356,211.26703,50.773468,176.21027,237.45688,868.7233,
122,666.4338886409324,8.057022,,,,,,,,,,,0,0,0,0,0,0,0,140.70299,142.04715,22.55732,0,511.0017,0,0,0,0,408.51645,3.8554187,192.65302,147.41711,234.01366,88.014275,0,25.956152,100.5794,338.71808,
102,666.4347235162078,7.6693196,,,,,,,,,,,0,0,0,0,0,0,33.472157,76.07701,72.48176,9.035124,0,254.03925,28.07939,22.529484,0,37.690296,430.17438,0,47.173668,97.027466,81.16882,63.500885,31.229671,77.80483,58.94494,348.28494,
149,674.4397158408124,8.56769,,,,,,,,,,,0,0,0,0,0,0,8.960648,329.13367,171.2068,50.90709,0,655.51404,0,0,17.783712,10.021144,535.7046,8.906584,225.59648,177.68396,292.8399,78.93414,0,41.16081,128.1276,318.05685,
186,675.5440303238681,9.372519,,,,,,,,,,,0,0,0,0,0,0,515.9581,923.44244,784.12555,555.5165,631.4788,676.6709,485.36127,524.03406,645.8244,648.77954,605.4984,437.33542,419.74216,458.3864,493.68723,438.7616,507.26035,528.47876,336.28094,548.35815,
131,676.4188591722425,8.31274,,,,,,,,,,,0,0,0,0,0,0,19.01749,532.6747,408.52618,22.451088,0,889.5685,0,0,0,15.846226,858.10223,11.48487,372.58383,221.79822,500.23245,114.22309,9.708694,85.6265,158.8552,564.6975,
119,678.4344567911105,7.9796267,,,,,,,,,,,0,0,0,0,0,0,24.40923,1605.9019,1294.0471,115.60164,7.125288,3305.2878,48.546192,8.691621,25.846123,46.852497,2435.891,59.432213,1003.67676,832.3781,1329.4718,311.69138,29.222195,217.42934,395.24115,1485.852,
165,678.4707198161843,8.776701,,,,,,,,,,,0,0,0,0,0,0,167.04556,443.62256,389.90375,152.25404,20.704159,1016.1308,100.62368,87.20052,65.144226,186.97928,1282.1486,41.00402,350.42883,377.81143,425.15637,221.45142,126.81155,345.40186,302.60873,1283.9115,
152,688.4551734204466,8.598572,,,,,,,,,,,0,0,0,0,0,9.020696,0,256.6166,184.43118,47.70803,21.535156,831.93964,23.738407,0,29.088045,31.576967,550.16187,16.845425,179.37509,127.32708,160.88559,61.329872,8.167454,40.525063,75.00435,217.52881,
194,689.559644190082,9.633983,,,,,,,,,,,0,0,0,0,0,0,325.25244,515.93713,514.3435,384.36108,441.92258,485.10352,235.85063,384.9785,444.03357,603.20966,587.1624,343.33325,283.90723,322.46802,339.25467,250.86792,462.2697,563.6364,242.33418,537.6982,
136,690.4348730024212,8.357489,,,,20,,,,,,,0,0,0,0,0,0,0,289.3401,195.085,13.885086,0,515.9331,0,0,0,0,382.13922,0,152.38336,113.29016,239.40755,55.196877,0,11.9079895,75.880066,248.93173,
117,694.429182321705,7.9308796,,,,,,,,,,,0,0,0,0,0,0,0,255.8557,221.62991,5.504923,0,559.70465,0,0,0,0,497.87997,0,159.35365,62.582848,248.13635,37.625343,0,9.756857,55.727634,302.05136,
129,694.4655496467329,8.256947,,,,,,,,,,,0,0,0,0,0,0,36.913704,105.92466,90.468315,12.349807,0,270.15677,17.702726,15.746073,0,33.044033,386.1097,0,69.88304,106.24605,99.96907,40.36257,34.745674,63.128674,46.006466,311.54004,
192,701.5596097677538,9.527698,,,,24,,,,,,,0,0,0,0,0,0,1261.02,2012.7782,2052.8933,1633.3298,1759.26,1868.7482,1440.6344,1183.1895,1576.1583,1974.7467,1749.1074,1141.3146,990.7285,1237.3324,1221.9916,884.2899,1260.263,1760.8387,747.35645,1314.3666,
199,703.5751992191796,9.880142,,,,3,12,[M+H]+,,2,199;202,702.56796,0,0,0,0,0,139.49432,4183.9814,5964.302,6876.8647,5238.2837,6132.5244,6522.5845,5415.955,4805.581,6111.251,6507.3887,6738.2217,4962.7524,4801.8833,5257.012,5078.811,4095.731,5211.453,5842.9556,3178.7363,4895.6543,
202,725.5572148738544,9.883689,,,,3,12,[M+Na]+,,2,199;202,702.56796,0,0,0,0,0,0,449.12152,464.3307,479.55075,405.35596,483.24313,407.52823,404.10776,361.38947,461.20456,472.20807,406.42462,387.53186,330.21796,433.0186,465.06155,333.51376,427.9045,425.35397,269.38605,354.54132,
135,746.4608020469753,8.359025,,,,20,,,,,,,0,0,0,0,0,0,0,252.8139,177.2655,0,0,546.49426,0,0,0,0,352.47083,0,133.38896,88.26245,209.47261,41.36919,0,19.748482,57.411568,230.17978,
111,758.5698802316555,7.7711387,,,,,,,,,,,0,0,0,0,0,964.2091,0,0,794.097,949.0615,820.69037,1029.4717,906.9379,720.88367,859.8975,748.93396,429.77777,282.3557,8148.583,326.40512,0,877.06226,336.442,914.8844,844.83057,588.35077,
116,758.5699302126791,7.873335,,,,,,,,,,,0,0,0,0,0,846.6713,0,0,6935.5146,911.5427,845.17615,8475.313,648.78656,814.4299,859.9621,774.09595,430.93268,325.30728,998.2715,154.49548,0,865.79,366.44235,894.05914,840.05927,541.72626,
92,758.5700489301248,7.517774,,,,,,,,,,,0,0,0,0,0,985.73975,0,0,877.3489,494.25726,833.08923,901.77374,896.0986,916.0271,863.99817,760.052,397.0848,305.54865,1116.3132,314.1768,0,890.0515,274.87814,890.81134,6618.7217,559.7539,
98,758.5700898465301,7.5646644,,,,,,,,,,,0,0,0,0,0,987.8988,0,0,950.33044,938.7208,6723.039,1039.1967,876.84076,6244.859,6815.3467,769.68286,226.50154,314.28467,1043.1652,261.5787,0,7057.77,338.45758,838.8536,929.12616,587.99817,
151,760.5847620489602,8.638806,,,,,,,,,,,0,0,0,0,0,5079.438,0,0,4099.843,0,3209.7437,29873.25,3618.3003,6238.232,0,0,2348.875,0,5450.929,0,0,5006.8574,0,6.416992,0,0,
160,760.5854551035836,8.712211,,,,,,,,,,,0,0,0,0,0,18487.836,0,0,9965.388,18607.656,18817.584,9205.102,17069.67,20499.127,10890.126,10246.545,14215.895,12939.613,20497.54,12014.881,0,20654.787,13012.363,12938.161,22501.6,22826.45,
197,772.549470312912,9.695883,,,,,,,,,,,0,0,0,0,0,0,0,97.18326,76.059494,0,0,341.8532,0,0,0,0,396.62836,0,34.62429,10.421286,38.498535,0,0,26.905312,0,291.65213,
144,772.585677049471,8.469767,,,,,,,,,,,0,0,0,0,0,832.9055,0,0,654.3561,1591.2814,659.21625,496.88608,1661.7194,633.7369,1645.4094,760.48694,395.20987,305.35406,920.245,71.34146,0,2072.2476,221.19553,695.44556,1874.8,601.74023,
137,772.5856779781975,8.420542,,,,,,,,,,,0,0,0,0,0,1975.702,0,0,1661.244,599.70135,532.41644,1864.7865,704.3547,2216.7944,410.4354,1522.8499,317.36722,138.5702,2207.272,89.92353,0,915.86804,60.496494,493.09918,359.40204,473.5071,
38,773.4941853353671,6.3390965,,,,16,2,[2M+Na]+,,3,38;34;35,375.2523,0,0,0,189.06764,233.66833,0,168.99203,220.20247,337.85663,248.93219,294.5377,338.42404,221.16034,289.2619,253.93227,261.26703,350.0114,245.58167,276.00482,265.6456,220.35342,261.79434,284.77646,307.03262,262.7215,274.5002,
169,782.5678026894661,8.8767805,,,,10,,,,,,,0,0,0,0,0,145.42868,0,0,399.15125,1503.669,544.81805,2396.76,1312.8386,1744.9326,1372.6051,1323.7616,1081.1011,493.3764,593.62195,454.93292,0,1452.2639,1021.87213,1723.1987,1364.3434,1750.0189,
121,784.5854313891147,8.038161,,,,,,,,,,,0,0,0,0,0,7416.1724,0,0,1115.0745,6036.2925,1179.3788,1902.962,1110.9493,1386.4641,7954.1924,1079.1125,634.52264,476.73502,1524.8177,295.20578,0,1348.6559,213.83902,6172.605,7831.112,5623.885,
127,784.5854459055822,8.153568,,,,,,,,,,,0,0,0,0,0,1232.8638,0,0,1202.1101,697.78613,7659.472,1970.4797,6604.8574,8625.6,1096.5431,6417.0996,591.78265,490.259,1602.3206,398.99695,0,9873.938,483.87228,976.75464,1147.5791,884.879,
181,786.6010751949419,9.244968,,,,15,,,,,,,0,0,0,0,0,19374.848,0,0,21835.877,19416.94,15343.641,28510.373,19876.363,21862.824,17398.43,16082.565,10721.108,7926.762,23059.373,6140.0522,0,18879.137,7404.6494,14415.123,15840.373,11228.289,
174,790.5599663482169,9.030619,,,,,,,,,,,0,0,0,0,0,0,29.279076,372.0764,248.62604,9.689169,0,1333.1826,0,0,10.058069,0,1902.3286,0,172.47948,121.565956,239.86841,87.52708,0,163.19272,150.34663,1310.1056,
120,808.5797332100726,7.9979973,,,,,,,,,,,0,0,0,0,0,55.99946,0,186.84691,203.1146,27.754591,98.65421,1575.3698,54.158947,91.96781,89.328575,38.202103,1596.3301,51.057907,205.69284,49.659557,98.13771,109.78967,76.09049,29.08984,98.494934,711.5301,
182,808.5833090587805,9.26045,,,,,,,,,,,0,0,0,0,0,1881.5685,0,0,2026.6243,2199.297,1639.495,3180.1482,2758.044,2760.7515,1947.8969,2235.9788,1092.1201,762.46735,2617.4282,289.2546,0,2287.557,820.5004,1691.1449,1851.7787,1143.6545,
167,810.6010645219792,8.806277,,,,,,,,,,,0,0,0,0,0,10201.371,0,0,11480.472,19982.445,26826.39,12245.534,27509.16,11149.253,26333.59,29204.326,31107.639,18224.867,34317.45,14534.078,0,25805.006,21927.936,11489.394,14810.289,23648.402,
156,810.6011610671435,8.69188,,,,,,,,,,,0,0,0,0,0,30127.172,0,0,41106.305,97.33319,0,47715.47,0,40064.176,6465.342,6797.341,6644.0693,366.60934,10656.953,216.1586,0,6263.9004,213.23358,204.75813,313.45587,4169.433,
175,832.5828810925786,9.067517,,,,,,,,,,,0,0,0,0,0,526.99677,0,0,885.12726,678.1816,830.08984,868.79553,867.93414,914.66693,717.0574,1007.68134,865.9222,560.641,777.3247,512.2597,0,832.5072,764.06824,488.8418,474.74994,646.21857,
168,832.5829278238003,8.876774,,,,10,,,,,,,0,0,0,0,0,802.6365,0,0,2973.601,1649.2876,1789.0039,3823.7515,2147.379,3403.4714,2195.3796,2478.6384,2426.9521,1125.7255,2470.632,779.59436,0,1707.6886,1809.4186,1033.0497,775.44275,1695.4773,
148,834.6007883006826,8.577366,,,,,,,,,,,0,0,0,0,0,2382.6316,0,0,0,472.5803,1572.3961,827.9821,1957.773,434.45175,642.60986,2141.467,1408.1443,165.84924,1590.0317,332.2653,0,562.96027,688.75305,205.26974,224.37756,493.82138,
141,834.6010535050375,8.511874,,,,23,,,,,,,0,0,0,0,0,1173.9066,0,0,3182.0273,268.6009,524.8049,3018.9912,749.08997,3067.8843,429.5124,81.78264,455.88995,147.22435,828.8821,83.66847,0,336.4404,429.90152,100.066536,159.60031,401.4142,
180,836.6165355702692,9.220305,,,,,,,,,,,0,0,0,0,0,267.67993,0,0,749.56226,250.1525,373.25977,1725.158,398.29135,622.545,549.5861,425.29175,1713.5402,279.1398,1441.7144,0,0,673.50195,313.5161,98.47311,272.3947,1428.8014,
51,851.3981504232756,6.796471,,,,13,4,[2M+Na]+,,2,51;50,414.20436,0,0,0,75.25483,183.2351,0,54.29122,95.77058,155.58322,93.37527,235.98889,372.7915,69.7001,172.58093,151.4396,194.96855,159.41895,194.14458,202.94104,82.51018,218.70683,173.18822,115.99994,274.7915,263.51828,142.7326,
